X1,Y1,X2,Y2,Confidence,Area (m^2),Material Cost,Labor Cost,Total Cost
187.92433,236.39667,442.58762,379.22092,0.8583292,3.6372093750000003,363.72093750000005,50,413.72093750000005
